"hours","RL_outlet    ","RL_confluence"
0,0,0
0.0166666666666667,0,0
0.0333333333333333,0,0
0.05,0,0
0.0666666666666667,0,0
0.0833333333333333,0,0
0.1,0,0
0.116666666666667,0,0
0.133333333333333,0,0
0.15,0,0
0.166666666666667,0,0
0.183333333333333,0,0
0.2,0,0
0.216666666666667,0,0
0.233333333333333,0,0
0.25,0,0
0.266666666666667,0,0
0.283333333333333,0,0
0.3,0,0
0.316666666666667,0,0
0.333333333333333,0,1858.42138671875
0.35,0,5672.791015625
0.366666666666667,0,6781.31884765625
0.383333333333333,0,7846.623046875
0.4,0,8514.7099609375
0.416666666666667,0,8576.2314453125
0.433333333333333,0,8044.27197265625
0.45,0,7355.42529296875
0.466666666666667,0,7073.67626953125
0.483333333333333,0,6993.6259765625
0.5,0,6898.58837890625
0.516666666666667,0,6817.75830078125
0.533333333333333,0,6723.74462890625
0.55,0,6656.66259765625
0.566666666666667,0,6529.31298828125
0.583333333333333,0,6409.21240234375
0.6,0,6273.74755859375
0.616666666666667,0,6121.4248046875
0.633333333333333,0,5955.208984375
0.65,0,5779.40234375
0.666666666666667,0,5593.1044921875
0.683333333333333,0,5399.359375
0.7,0,5205.8486328125
0.716666666666667,0,5011.14208984375
0.733333333333333,0,4813.76904296875
0.75,0,4614.7451171875
0.766666666666667,0,4413.6513671875
0.783333333333333,0,4213.77685546875
0.8,0,4019.2431640625
0.816666666666667,0,3833.07250976562
0.833333333333333,0,3653.37915039062
0.85,0,3471.88623046875
0.866666666666667,0,3297.890625
0.883333333333333,0,3134.53295898438
0.9,0,2978.17211914062
0.916666666666667,0,2827.50537109375
0.933333333333333,0,2680.7392578125
0.95,0,2542.3583984375
0.966666666666667,0,2412.84936523438
0.983333333333333,0,2289.19921875
1,0,2171.2783203125
1.01666666666667,0,2057.12866210938
1.03333333333333,0,1949.4609375
1.05,0,1846.80432128906
1.06666666666667,0,1750.71826171875
1.08333333333333,0,1659.53210449219
1.1,0,1575.48889160156
1.11666666666667,0,1497.74768066406
1.13333333333333,0,1423.63842773438
1.15,0,1353.99450683594
1.16666666666667,0,1288.07861328125
1.18333333333333,0,1226.40869140625
1.2,0,1169.216796875
1.21666666666667,0,1115.18225097656
1.23333333333333,0,1063.53845214844
1.25,0,1015.38415527344
1.26666666666667,0,969.817749023438
1.28333333333333,0,927.340270996094
1.3,0,886.572631835938
1.31666666666667,0,847.008911132812
1.33333333333333,0,808.788330078125
1.35,0,772.902648925781
1.36666666666667,0,739.123840332031
1.38333333333333,0,707.29052734375
1.4,0,676.389099121094
1.41666666666667,0,647.591857910156
1.43333333333333,0,620.104736328125
1.45,0,594.516479492188
1.46666666666667,0,570.137573242188
1.48333333333333,0,547.014831542969
1.5,0,524.881225585938
1.51666666666667,0,504.087890625
1.53333333333333,0,484.010620117188
1.55,0,464.565093994141
1.56666666666667,0,446.028869628906
1.58333333333333,0,428.011871337891
1.6,0,410.755218505859
1.61666666666667,0,393.959197998047
1.63333333333333,0,378.109313964844
1.65,0,362.615600585938
1.66666666666667,0,347.97216796875
1.68333333333333,0,333.845733642578
1.7,0,320.111602783203
1.71666666666667,0,306.986846923828
1.73333333333333,0,294.235412597656
1.75,0,282.057800292969
1.76666666666667,0,270.199859619141
1.78333333333333,0,258.700317382812
1.8,0,247.7919921875
1.81666666666667,0,237.15934753418
1.83333333333333,0,227.210266113281
1.85,0,217.753860473633
1.86666666666667,0,208.833770751953
1.88333333333333,0,200.279144287109
1.9,0,192.592041015625
1.91666666666667,0,185.209335327148
1.93333333333333,0,178.181762695312
1.95,0,171.441131591797
1.96666666666667,0,164.86962890625
1.98333333333333,0,158.41455078125
2,0,152.054550170898
2.01666666666667,0,145.728302001953
2.03333333333333,0,139.513702392578
2.05,0,133.349365234375
2.06666666666667,0,127.389335632324
2.08333333333333,0,121.555198669434
2.1,0,115.674140930176
2.11666666666667,0,109.729827880859
2.13333333333333,0,103.990028381348
2.15,0,101.030700683594
2.16666666666667,0,99.2711944580078
2.18333333333333,0,97.7515335083008
2.2,0,96.2758026123047
2.21666666666667,0,94.8238906860352
2.23333333333333,0,93.3737564086914
2.25,0,91.9503936767578
2.26666666666667,0,90.5526275634766
2.28333333333333,0,89.1746978759766
2.3,0,87.8146057128906
2.31666666666667,0,86.4770050048828
2.33333333333333,0,85.1654434204102
2.35,0,83.8578491210938
2.36666666666667,0,82.5762100219727
2.38333333333333,0,81.3628692626953
2.4,0,80.2445983886719
2.41666666666667,0,79.1638336181641
2.43333333333333,0,78.1075439453125
2.45,0,77.047477722168
2.46666666666667,0,76.0296249389648
2.48333333333333,0,75.0235595703125
2.5,0,74.0537109375
2.51666666666667,0,73.0607681274414
2.53333333333333,0,72.0962905883789
2.55,0,71.1748886108398
2.56666666666667,0,70.2580642700195
2.58333333333333,0,69.3547897338867
2.6,0,68.483528137207
2.61666666666667,0,67.6126403808594
2.63333333333333,0,66.7533493041992
2.65,0,65.9268264770508
2.66666666666667,0,65.1203689575195
2.68333333333333,0,64.3475189208984
2.7,0,63.5538635253906
2.71666666666667,0,62.7764434814453
2.73333333333333,0,61.9987182617188
2.75,0,61.2451782226562
2.76666666666667,0,60.5142211914062
2.78333333333333,0,59.7936477661133
2.8,0,59.0870819091797
2.81666666666667,0,58.3931770324707
2.83333333333333,0,57.6949462890625
2.85,0,57.016731262207
2.86666666666667,0,56.3547554016113
2.88333333333333,0,55.6969299316406
2.9,0,55.0603675842285
2.91666666666667,0,54.4374122619629
2.93333333333333,0,53.8431434631348
2.95,0,53.2418899536133
2.96666666666667,0,52.6445960998535
2.98333333333333,0,52.0782356262207
3,0,51.5227546691895
3.01666666666667,0,50.9835166931152
3.03333333333333,0,50.447338104248
3.05,0,49.904670715332
3.06666666666667,0,49.385669708252
3.08333333333333,0,48.875675201416
3.1,0,48.3659172058105
3.11666666666667,0,47.8887023925781
3.13333333333333,0,47.4037017822266
3.15,0,46.9213981628418
3.16666666666667,0,46.4407768249512
3.18333333333333,0,45.979679107666
3.2,0,45.5244216918945
3.21666666666667,0,45.0848503112793
3.23333333333333,0,44.6447677612305
3.25,0,44.2135887145996
3.26666666666667,0,43.7856597900391
3.28333333333333,0,43.3837585449219
3.3,0,43.0037307739258
3.31666666666667,0,42.6296615600586
3.33333333333333,0,42.2523078918457
3.35,0,41.8718185424805
3.36666666666667,0,41.4863357543945
3.38333333333333,0,41.1153755187988
3.4,0,40.7322654724121
3.41666666666667,0,40.3667984008789
3.43333333333333,0,40.0033302307129
3.45,0,39.6583786010742
3.46666666666667,0,39.3316345214844
3.48333333333333,0,38.9986839294434
3.5,0,38.6723136901855
3.51666666666667,0,38.3474922180176
3.53333333333333,0,38.0316200256348
3.55,0,37.7090835571289
3.56666666666667,0,37.3929672241211
3.58333333333333,0,37.0973129272461
3.6,0,36.7894401550293
3.61666666666667,0,36.4835052490234
3.63333333333333,0,36.1882209777832
3.65,0,35.9006233215332
3.66666666666667,0,35.6045417785645
3.68333333333333,0,35.2950439453125
3.7,0,34.9987678527832
3.71666666666667,0,34.7035331726074
3.73333333333333,0,34.4274215698242
3.75,0,34.1540832519531
3.76666666666667,0,33.8697738647461
3.78333333333333,0,33.5854682922363
3.8,0,33.3101043701172
3.81666666666667,0,33.0235862731934
3.83333333333333,0,32.748908996582
3.85,0,32.4719619750977
3.86666666666667,0,32.195140838623
3.88333333333333,0,31.9271583557129
3.9,0,31.6748676300049
3.91666666666667,0,31.4218597412109
3.93333333333333,0,31.1643352508545
3.95,0,30.9121799468994
3.96666666666667,0,30.6608295440674
3.98333333333333,0,30.4174575805664
4,0,30.1794776916504
4.01666666666667,0,29.9412631988525
4.03333333333333,0,29.7080917358398
4.05,0,29.4823532104492
4.06666666666667,0,29.253885269165
4.08333333333333,0,29.0193557739258
4.1,0,28.7907276153564
4.11666666666667,0,28.5636978149414
4.13333333333333,0,28.3446063995361
4.15,0,28.1270580291748
4.16666666666667,0,27.9135589599609
4.18333333333333,0,27.6995105743408
4.2,0,27.4845848083496
4.21666666666667,0,27.259349822998
4.23333333333333,0,27.0551376342773
4.25,0,26.8530101776123
4.26666666666667,0,26.6556568145752
4.28333333333333,0,26.4510345458984
4.3,0,26.2487945556641
4.31666666666667,0,26.0612964630127
4.33333333333333,0,25.8637142181396
4.35,0,25.6720085144043
4.36666666666667,0,25.468168258667
4.38333333333333,0,25.2691688537598
4.4,0,25.0770168304443
4.41666666666667,0,24.8875427246094
4.43333333333333,0,24.7004108428955
4.45,0,24.5209083557129
4.46666666666667,0,24.3430690765381
4.48333333333333,0,24.1658668518066
4.5,0,23.9862041473389
4.51666666666667,0,23.809118270874
4.53333333333333,0,23.6319961547852
4.55,0,23.4576416015625
4.56666666666667,0,23.2828483581543
4.58333333333333,0,23.1133403778076
4.6,0,22.948673248291
4.61666666666667,0,22.7871170043945
4.63333333333333,0,22.6213455200195
4.65,0,22.4603214263916
4.66666666666667,0,22.3087825775146
4.68333333333333,0,22.1465873718262
4.7,0,21.9878025054932
4.71666666666667,0,21.8319110870361
4.73333333333333,0,21.6788444519043
4.75,0,21.529426574707
4.76666666666667,0,21.3807716369629
4.78333333333333,0,21.2224655151367
4.8,0,21.0648536682129
4.81666666666667,0,20.9169082641602
4.83333333333333,0,20.7736434936523
4.85,0,20.6339550018311
4.86666666666667,0,20.4954738616943
4.88333333333333,0,20.3559761047363
4.9,0,20.2166042327881
4.91666666666667,0,20.0813541412354
4.93333333333333,0,19.94801902771
4.95,0,19.8145999908447
4.96666666666667,0,19.6823463439941
4.98333333333333,0,19.5554504394531
5,0,19.4230003356934
5.01666666666667,0,19.2940425872803
5.03333333333333,0,19.1553115844727
5.05,0,19.0289840698242
5.06666666666667,0,18.9004364013672
5.08333333333333,0,18.7585754394531
5.1,0,18.6294193267822
5.11666666666667,0,18.5021209716797
5.13333333333333,0,18.3787879943848
5.15,0,18.2633113861084
5.16666666666667,0,18.1430625915527
5.18333333333333,0,18.0258464813232
5.2,0,17.907299041748
5.21666666666667,0,17.7794151306152
5.23333333333333,0,17.6523380279541
5.25,0,17.5326347351074
5.26666666666667,0,17.4171581268311
5.28333333333333,0,17.302225112915
5.3,0,17.1876335144043
5.31666666666667,0,17.076208114624
5.33333333333333,0,16.9666080474854
5.35,0,16.8599128723145
5.36666666666667,0,16.750955581665
5.38333333333333,0,16.6407890319824
5.4,0,16.5323810577393
5.41666666666667,0,16.4101238250732
5.43333333333333,0,16.3042774200439
5.45,0,16.2009449005127
5.46666666666667,0,16.0940475463867
5.48333333333333,0,15.9886159896851
5.5,0,15.889458656311
5.51666666666667,0,15.7907066345215
5.53333333333333,0,15.6930952072144
5.55,0,15.5961685180664
5.56666666666667,0,15.5000085830688
5.58333333333333,0,15.3975639343262
5.6,0,15.2998027801514
5.61666666666667,0,15.2046899795532
5.63333333333333,0,15.1106843948364
5.65,0,15.0092525482178
5.66666666666667,0,14.917652130127
5.68333333333333,0,14.8265228271484
5.7,0,14.733678817749
5.71666666666667,0,14.6415128707886
5.73333333333333,0,14.5593032836914
5.75,0,14.4820232391357
5.76666666666667,0,14.4062509536743
5.78333333333333,0,14.329833984375
5.8,0,14.255467414856
5.81666666666667,0,14.1786489486694
5.83333333333333,0,14.1057081222534
5.85,0,14.0312747955322
5.86666666666667,0,13.9582233428955
5.88333333333333,12.5581226348877,13.8835468292236
5.9,97.8716735839844,13.8131904602051
5.91666666666667,185.771270751953,13.7411775588989
5.93333333333333,230.315704345703,13.6703815460205
5.95,258.193572998047,13.601037979126
5.96666666666667,277.767608642578,13.5324420928955
5.98333333333333,294.787963867188,13.4641427993774
6,308.436218261719,13.394570350647
6.01666666666667,318.542510986328,13.3308305740356
6.03333333333333,325.956665039062,13.2641944885254
6.05,331.342254638672,13.1984624862671
6.06666666666667,335.213500976562,13.1339721679688
6.08333333333333,337.980285644531,13.0688772201538
6.1,339.960662841797,13.0022230148315
6.11666666666667,341.339050292969,12.9416484832764
6.13333333333333,342.228057861328,12.8672866821289
6.15,342.712677001953,12.7934160232544
6.16666666666667,342.853240966797,12.6988391876221
6.18333333333333,342.696014404297,12.6272039413452
6.2,342.279968261719,12.5615310668945
6.21666666666667,341.638824462891,12.4979820251465
6.23333333333333,340.798919677734,12.4363498687744
6.25,339.788360595703,12.3735065460205
6.26666666666667,338.628631591797,12.3158845901489
6.28333333333333,337.340393066406,12.2587051391602
6.3,335.943542480469,12.2017650604248
6.31666666666667,334.437652587891,12.1461839675903
6.33333333333333,332.862365722656,12.090371131897
6.35,331.224517822266,12.0385808944702
6.36666666666667,329.532623291016,11.9831743240356
6.38333333333333,327.80517578125,11.9166297912598
6.4,326.042327880859,11.8608160018921
6.41666666666667,324.239624023438,11.8063812255859
6.43333333333333,322.384948730469,11.7536287307739
6.45,320.481109619141,11.7037677764893
6.46666666666667,318.547271728516,11.6500597000122
6.48333333333333,316.591735839844,11.5956354141235
6.5,314.615142822266,11.5429944992065
6.51666666666667,312.628845214844,11.4900493621826
6.53333333333333,310.618438720703,11.4385023117065
6.55,308.611206054688,11.3883686065674
6.56666666666667,306.610504150391,11.3369665145874
6.58333333333333,304.621673583984,11.2844104766846
6.6,302.642456054688,11.2343616485596
6.61666666666667,300.675262451172,11.1848707199097
6.63333333333333,298.715057373047,11.1330223083496
6.65,296.765533447266,11.0776386260986
6.66666666666667,294.837493896484,11.0247974395752
6.68333333333333,292.923126220703,10.9801864624023
6.7,291.019592285156,10.92613697052
6.71666666666667,289.12158203125,10.872447013855
6.73333333333333,287.219940185547,10.8230543136597
6.75,285.318756103516,10.7743043899536
6.76666666666667,283.448791503906,10.7257127761841
6.78333333333333,281.7431640625,10.6784009933472
6.8,280.030212402344,10.6259536743164
6.81666666666667,278.251770019531,10.5793981552124
6.83333333333333,276.431640625,10.5336694717407
6.85,274.603851318359,10.4884090423584
6.86666666666667,272.772766113281,10.4417448043823
6.88333333333333,270.927886962891,10.3970155715942
6.9,269.082336425781,10.3511667251587
6.91666666666667,267.285491943359,10.3065090179443
6.93333333333333,265.565307617188,10.262490272522
6.95,263.889129638672,10.2203073501587
6.96666666666667,262.222198486328,10.1767683029175
6.98333333333333,260.513610839844,10.1335363388062
7,258.794494628906,10.0894985198975
7.01666666666667,257.085266113281,10.0464372634888
7.03333333333333,255.39176940918,9.99855995178223
7.05,253.708297729492,9.9416618347168
7.06666666666667,252.039398193359,9.89857387542725
7.08333333333333,250.413146972656,9.84761619567871
7.1,248.839324951172,9.80132579803467
7.11666666666667,247.305679321289,9.75830554962158
7.13333333333333,245.793380737305,9.71642017364502
7.15,244.293869018555,9.67654228210449
7.16666666666667,242.805572509766,9.63921165466309
7.18333333333333,241.324127197266,9.60190963745117
7.2,239.843551635742,9.56510162353516
7.21666666666667,238.386932373047,9.52783870697021
7.23333333333333,236.947463989258,9.49030017852783
7.25,235.516662597656,9.44335556030273
7.26666666666667,234.090591430664,9.4041223526001
7.28333333333333,232.67399597168,9.36642360687256
7.3,231.274337768555,9.32898330688477
7.31666666666667,229.900283813477,9.29159832000732
7.33333333333333,228.550994873047,9.25309753417969
7.35,227.22331237793,9.21519565582275
7.36666666666667,225.912872314453,9.17920875549316
7.38333333333333,224.612579345703,9.14429187774658
7.4,223.318771362305,9.10766696929932
7.41666666666667,222.031372070312,9.0721435546875
7.43333333333333,220.755096435547,9.03720664978027
7.45,219.503829956055,9.00281047821045
7.46666666666667,218.259841918945,8.96839046478271
7.48333333333333,217.023910522461,8.93379688262939
7.5,215.801315307617,8.89968776702881
7.51666666666667,214.586044311523,8.86428737640381
7.53333333333333,213.435806274414,8.82879447937012
7.55,212.299896240234,8.79334259033203
7.56666666666667,211.155197143555,8.76029968261719
7.58333333333333,209.974136352539,8.72727108001709
7.6,208.791687011719,8.69433689117432
7.61666666666667,207.62956237793,8.65997409820557
7.63333333333333,206.480041503906,8.6229772567749
7.65,205.339935302734,8.58918857574463
7.66666666666667,204.214584350586,8.55622863769531
7.68333333333333,203.102920532227,8.52291488647461
7.7,202.010589599609,8.49026775360107
7.71666666666667,200.934417724609,8.45828342437744
7.73333333333333,199.830123901367,8.42659950256348
7.75,198.767761230469,8.39512634277344
7.76666666666667,197.742645263672,8.36295509338379
7.78333333333333,196.738861083984,8.33179378509521
7.8,195.760314941406,8.30084609985352
7.81666666666667,194.798583984375,8.27026748657227
7.83333333333333,193.848419189453,8.23926448822021
7.85,192.905151367188,8.20495510101318
7.86666666666667,191.968521118164,8.17126846313477
7.88333333333333,191.034408569336,8.13931655883789
7.9,190.099655151367,8.10687923431396
7.91666666666667,189.16438293457,8.07404518127441
7.93333333333333,188.228073120117,8.03744888305664
7.95,187.292007446289,8.00954151153564
7.96666666666667,186.363265991211,7.97883319854736
7.98333333333333,185.443206787109,7.95175647735596
8,184.530502319336,7.91736221313477
8.01666666666667,183.624877929688,7.8852219581604
8.03333333333333,182.726577758789,7.85446214675903
8.05,181.835388183594,7.82505035400391
8.06666666666667,180.951919555664,7.79626035690308
8.08333333333333,180.071090698242,7.76782751083374
8.1,179.190933227539,7.73972940444946
8.11666666666667,178.32438659668,7.71209955215454
8.13333333333333,177.470291137695,7.68463039398193
8.15,176.631973266602,7.64765739440918
8.16666666666667,175.807922363281,7.61958408355713
8.18333333333333,174.995742797852,7.59260320663452
8.2,174.194198608398,7.56575441360474
8.21666666666667,173.402877807617,7.53351974487305
8.23333333333333,172.621688842773,7.50500822067261
8.25,171.850402832031,7.47830820083618
8.26666666666667,171.083831787109,7.45189523696899
8.28333333333333,170.328536987305,7.42542791366577
8.3,169.582168579102,7.38907957077026
8.31666666666667,168.844512939453,7.36187887191772
8.33333333333333,168.11604309082,7.33518505096436
8.35,167.397247314453,7.30902767181396
8.36666666666667,166.686508178711,7.28347873687744
8.38333333333333,165.985610961914,7.25889158248901
8.4,165.283187866211,7.2353892326355
8.41666666666667,164.580322265625,7.21247911453247
8.43333333333333,163.894668579102,7.18987894058228
8.45,163.218109130859,7.16748714447021
8.46666666666667,162.552520751953,7.14536428451538
8.48333333333333,161.895751953125,7.12280702590942
8.5,161.246215820312,7.10065364837646
8.51666666666667,160.602386474609,7.07763195037842
8.53333333333333,159.963745117188,7.05498075485229
8.55,159.331527709961,7.03296661376953
8.56666666666667,158.705337524414,7.01119089126587
8.58333333333333,158.084915161133,6.98956966400146
8.6,157.469863891602,6.96797609329224
8.61666666666667,156.857940673828,6.94659090042114
8.63333333333333,156.25439453125,6.92531156539917
8.65,155.661026000977,6.90412092208862
8.66666666666667,155.077438354492,6.88294219970703
8.68333333333333,154.495956420898,6.86176633834839
8.7,153.914520263672,6.83722925186157
8.71666666666667,153.33235168457,6.81469964981079
8.73333333333333,152.749633789062,6.79297590255737
8.75,152.166931152344,6.7710394859314
8.76666666666667,151.585052490234,6.75039196014404
8.78333333333333,151.006393432617,6.72974872589111
8.8,150.425552368164,6.70740652084351
8.81666666666667,149.845199584961,6.68525123596191
8.83333333333333,149.267074584961,6.66389608383179
8.85,148.678894042969,6.64271688461304
8.86666666666667,148.077743530273,6.62337732315063
8.88333333333333,147.483749389648,6.60309886932373
8.9,146.893218994141,6.58282899856567
8.91666666666667,146.317626953125,6.56303691864014
8.93333333333333,145.753189086914,6.54239320755005
8.95,145.196044921875,6.52134418487549
8.96666666666667,144.6435546875,6.49947166442871
8.98333333333333,144.093124389648,6.47903299331665
9,143.541915893555,6.45863819122314
9.01666666666667,142.987289428711,6.438392162323
9.03333333333333,142.432022094727,6.41833782196045
9.05,141.877487182617,6.39875411987305
9.06666666666667,141.324172973633,6.37894678115845
9.08333333333333,140.772064208984,6.35966110229492
9.1,140.222030639648,6.34081649780273
9.11666666666667,139.673919677734,6.32210397720337
9.13333333333333,139.128387451172,6.30350017547607
9.15,138.586044311523,6.28503036499023
9.16666666666667,138.046356201172,6.26654815673828
9.18333333333333,137.509979248047,6.24792146682739
9.2,136.9775390625,6.22917175292969
9.21666666666667,136.449951171875,6.21069669723511
9.23333333333333,135.927368164062,6.19267416000366
9.25,135.409439086914,6.16940402984619
9.26666666666667,134.321243286133,6.14884901046753
9.28333333333333,134.056198120117,6.13008832931519
9.3,133.699142456055,6.11117124557495
9.31666666666667,133.290802001953,6.09358978271484
9.33333333333333,132.844818115234,6.07606554031372
9.35,132.378646850586,6.05862903594971
9.36666666666667,131.892868041992,6.04127407073975
9.38333333333333,131.398513793945,6.02399396896362
9.4,130.911437988281,6.00683498382568
9.41666666666667,130.429473876953,5.9895920753479
9.43333333333333,129.9521484375,5.97248792648315
9.45,129.479736328125,5.95541477203369
9.46666666666667,129.012329101562,5.9382758140564
9.48333333333333,128.720825195312,5.92134523391724
9.5,129.180953979492,5.89884567260742
9.51666666666667,129.210372924805,5.88177490234375
9.53333333333333,128.69905090332,5.86491203308105
9.55,128.022094726562,5.84891700744629
9.56666666666667,127.341041564941,5.83270788192749
9.58333333333333,126.703620910645,5.81643104553223
9.6,126.116516113281,5.79570007324219
9.61666666666667,125.571998596191,5.77886819839478
9.63333333333333,125.060081481934,5.75927448272705
9.65,124.567855834961,5.74136209487915
9.66666666666667,124.095237731934,5.72479867935181
9.68333333333333,123.635719299316,5.70847702026367
9.7,123.186195373535,5.69261026382446
9.71666666666667,122.74471282959,5.67670249938965
9.73333333333333,122.310279846191,5.66124629974365
9.75,121.88207244873,5.64376544952393
9.76666666666667,121.458892822266,5.62565612792969
9.78333333333333,121.040084838867,5.60820245742798
9.8,120.625312805176,5.59147691726685
9.81666666666667,120.214691162109,5.57526779174805
9.83333333333333,119.806945800781,5.55878973007202
9.85,119.403251647949,5.54373121261597
9.86666666666667,119.00316619873,5.52797317504883
9.88333333333333,118.604187011719,5.51295566558838
9.9,118.208068847656,5.49589157104492
9.91666666666667,117.815147399902,5.4801812171936
9.93333333333333,117.424682617188,5.4625506401062
9.95,117.038619995117,5.4472713470459
9.96666666666667,116.642211914062,5.4321436882019
9.98333333333333,116.253532409668,5.41500997543335
10,115.870758056641,5.39972066879272
10.0166666666667,115.492004394531,5.38484477996826
10.0333333333333,115.124717712402,5.37003660202026
10.05,114.765777587891,5.35100841522217
10.0666666666667,114.404083251953,5.33514356613159
10.0833333333333,114.043586730957,5.31977415084839
10.1,113.688232421875,5.30253076553345
10.1166666666667,113.337188720703,5.28772830963135
10.1333333333333,112.986518859863,5.27334022521973
10.15,112.635528564453,5.2589635848999
10.1666666666667,112.284233093262,5.24415111541748
10.1833333333333,111.932754516602,5.23177289962769
10.2,111.581214904785,5.21763372421265
10.2166666666667,111.229843139648,5.203453540802
10.2333333333333,110.878860473633,5.1882495880127
10.25,110.526641845703,5.17323064804077
10.2666666666667,110.174247741699,5.15733003616333
10.2833333333333,109.823608398438,5.14382266998291
10.3,109.474670410156,5.1293740272522
10.3166666666667,109.127281188965,5.11640739440918
10.3333333333333,108.780578613281,5.10226631164551
10.35,108.435180664062,5.08808040618896
10.3666666666667,108.091453552246,5.07337474822998
10.3833333333333,107.749298095703,5.05698299407959
10.4,107.408195495605,5.04039716720581
10.4166666666667,107.068099975586,5.02528429031372
10.4333333333333,106.729446411133,5.01116895675659
10.45,106.394691467285,4.99748229980469
10.4666666666667,106.069038391113,4.98234128952026
10.4833333333333,105.748870849609,4.96588563919067
10.5,105.429992675781,4.95155477523804
10.5166666666667,105.110855102539,4.93783521652222
10.5333333333333,104.791374206543,4.92437982559204
10.55,104.471969604492,4.91107845306396
10.5666666666667,104.153060913086,4.89728879928589
10.5833333333333,103.834991455078,4.8834400177002
10.6,103.517906188965,4.87072277069092
10.6166666666667,103.204498291016,4.85435914993286
10.6333333333333,102.897537231445,4.84047317504883
10.65,102.592269897461,4.82633638381958
10.6666666666667,102.287216186523,4.81253385543823
10.6833333333333,101.982131958008,4.79856729507446
10.7,101.676704406738,4.78528070449829
10.7166666666667,101.371398925781,4.77229022979736
10.7333333333333,101.066307067871,4.75944566726685
10.75,100.760597229004,4.74679183959961
10.7666666666667,100.457008361816,4.73343753814697
10.7833333333333,100.15616607666,4.71924304962158
10.8,99.858039855957,4.70618057250977
10.8166666666667,99.5624847412109,4.69341945648193
10.8333333333333,99.2693557739258,4.6808385848999
10.85,98.9782638549805,4.66850805282593
10.8666666666667,98.6889190673828,4.65632104873657
10.8833333333333,98.4011917114258,4.64410495758057
10.9,98.1148910522461,4.63190698623657
10.9166666666667,97.8299255371094,4.61924886703491
10.9333333333333,97.5465698242188,4.60722827911377
10.95,97.2638702392578,4.5952091217041
10.9666666666667,96.9837188720703,4.58305501937866
10.9833333333333,96.7054061889648,4.57107067108154
11,96.4288330078125,4.55914545059204
11.0166666666667,96.1539306640625,4.5472207069397
11.0333333333333,95.8806457519531,4.5351996421814
11.05,95.6089477539062,4.52325820922852
11.0666666666667,95.3387908935547,4.51147508621216
11.0833333333333,95.0701446533203,4.49955558776855
11.1,94.8029556274414,4.48766994476318
11.1166666666667,94.5371780395508,4.47594022750854
11.1333333333333,94.2727890014648,4.46427869796753
11.15,94.0099487304688,4.45270395278931
11.1666666666667,93.7487106323242,4.44118595123291
11.1833333333333,93.4889221191406,4.42911767959595
11.2,93.230339050293,4.41358137130737
11.2166666666667,92.9725494384766,4.40118026733398
11.2333333333333,92.7150650024414,4.38903856277466
11.25,92.458137512207,4.37726068496704
11.2666666666667,92.2020263671875,4.36581468582153
11.2833333333333,91.9458770751953,4.35394191741943
11.3,91.6903991699219,4.34271049499512
11.3166666666667,91.4354782104492,4.33186817169189
11.3333333333333,91.1811981201172,4.32084035873413
11.35,90.9268951416016,4.30986738204956
11.3666666666667,90.6737747192383,4.29934215545654
11.3833333333333,90.4213104248047,4.28879547119141
11.4,90.1641845703125,4.27807950973511
11.4166666666667,89.9037551879883,4.26403045654297
11.4333333333333,89.6474838256836,4.25187873840332
11.45,89.3939971923828,4.24002027511597
11.4666666666667,89.1425476074219,4.22842407226562
11.4833333333333,88.8924942016602,4.21615743637085
11.5,88.6433334350586,4.204993724823
11.5166666666667,88.394905090332,4.19410228729248
11.5333333333333,88.1471328735352,4.18329381942749
11.55,87.8995208740234,4.17257928848267
11.5666666666667,87.6523361206055,4.1619291305542
11.5833333333333,87.4065246582031,4.15136051177979
11.6,87.1618423461914,4.1406044960022
11.6166666666667,86.918083190918,4.1297173500061
11.6333333333333,86.6742248535156,4.11932706832886
11.65,86.4303741455078,4.10900211334229
11.6666666666667,86.1876525878906,4.09667158126831
11.6833333333333,85.9463729858398,4.08628034591675
11.7,85.70654296875,4.076003074646
11.7166666666667,85.4680099487305,4.06580352783203
11.7333333333333,85.2306671142578,4.05564403533936
11.75,85.0031051635742,4.04569149017334
11.7666666666667,84.7892684936523,4.03568696975708
11.7833333333333,84.5690460205078,4.02258682250977
11.8,84.3454132080078,4.00954914093018
11.8166666666667,84.1201629638672,3.99973201751709
11.8333333333333,83.8945007324219,3.9898898601532
11.85,83.6691741943359,3.9797670841217
11.8666666666667,83.4446334838867,3.96966958045959
11.8833333333333,83.2211456298828,3.95967602729797
11.9,82.9988479614258,3.94977235794067
11.9166666666667,82.7776947021484,3.9399139881134
11.9333333333333,82.5574340820312,3.93012380599976
11.95,82.338249206543,3.92029285430908
11.9666666666667,82.1201782226562,3.91059565544128
11.9833333333333,81.9033203125,3.90093779563904
12,81.6865615844727,3.89134931564331
12.0166666666667,81.4707565307617,3.88139986991882
12.0333333333333,81.2560882568359,3.87138032913208
12.05,81.0424957275391,3.86186814308167
12.0666666666667,80.8298950195312,3.85191035270691
12.0833333333333,80.6181030273438,3.84071135520935
12.1,80.4069290161133,3.8306028842926
12.1166666666667,80.1962890625,3.82113409042358
12.1333333333333,79.9862365722656,3.81177496910095
12.15,79.7765579223633,3.80200982093811
12.1666666666667,79.5672836303711,3.79277324676514
12.1833333333333,79.3585433959961,3.78366804122925
12.2,79.1505432128906,3.77454853057861
12.2166666666667,78.9435272216797,3.76566791534424
12.2333333333333,78.7374877929688,3.75610589981079
12.25,78.5294723510742,3.74602651596069
12.2666666666667,78.3251571655273,3.73586440086365
12.2833333333333,78.1243896484375,3.72602510452271
12.3,77.9272308349609,3.71615290641785
12.3166666666667,77.7334442138672,3.70670318603516
12.3333333333333,77.5435791015625,3.69732022285461
12.35,77.3575134277344,3.68529319763184
12.3666666666667,77.180908203125,3.6755359172821
12.3833333333333,77.007568359375,3.66615509986877
12.4,76.8351440429688,3.6570360660553
12.4166666666667,76.6639785766602,3.64808058738708
12.4333333333333,76.4941940307617,3.63922786712646
12.45,76.3256988525391,3.63043880462646
12.4666666666667,76.158332824707,3.61919403076172
12.4833333333333,75.9918899536133,3.60791301727295
12.5,75.8260726928711,3.59795022010803
12.5166666666667,75.6601791381836,3.58883023262024
12.5333333333333,75.4940872192383,3.58000326156616
12.55,75.3287582397461,3.57134747505188
12.5666666666667,75.1638031005859,3.56276822090149
12.5833333333333,74.9990081787109,3.55414581298828
12.6,74.8342056274414,3.54435896873474
12.6166666666667,74.6692733764648,3.5352795124054
12.6333333333333,74.5041351318359,3.52685046195984
12.65,74.3387451171875,3.51832675933838
12.6666666666667,74.172966003418,3.50950503349304
12.6833333333333,74.0065612792969,3.50127410888672
12.7,73.8397598266602,3.49283218383789
12.7166666666667,73.6728820800781,3.48389339447021
12.7333333333333,73.5077285766602,3.47479748725891
12.75,73.3462066650391,3.46593070030212
12.7666666666667,73.1864395141602,3.45747375488281
12.7833333333333,73.0267639160156,3.44925451278687
12.8,72.8665466308594,3.44067668914795
12.8166666666667,72.706184387207,3.43231225013733
12.8333333333333,72.5456848144531,3.42412757873535
12.85,72.3847045898438,3.4160213470459
12.8666666666667,72.2230987548828,3.40798997879028
12.8833333333333,72.0608596801758,3.40000748634338
12.9,71.897590637207,3.39174318313599
12.9166666666667,71.7331390380859,3.38285207748413
12.9333333333333,71.5682754516602,3.37455677986145
12.95,71.4033050537109,3.36649918556213
12.9666666666667,71.2383575439453,3.35788178443909
12.9833333333333,71.073112487793,3.35053133964539
13,70.9077453613281,3.34286379814148
13.0166666666667,70.7427673339844,3.33513188362122
13.0333333333333,70.5781936645508,3.32739615440369
13.05,70.4140243530273,3.31976509094238
13.0666666666667,70.2508010864258,3.31215596199036
13.0833333333333,70.0889511108398,3.30449819564819
13.1,69.9278411865234,3.29691600799561
13.1166666666667,69.7670211791992,3.28934788703918
13.1333333333333,69.6062469482422,3.28176379203796
13.15,69.4454650878906,3.27404499053955
13.1666666666667,69.2846984863281,3.26641058921814
13.1833333333333,69.1239624023438,3.25607323646545
13.2,68.9633178710938,3.24834656715393
13.2166666666667,68.8005599975586,3.23868703842163
13.2333333333333,68.6378402709961,3.23091721534729
13.25,68.4763107299805,3.22337985038757
13.2666666666667,68.3157501220703,3.21591782569885
13.2833333333333,68.1560668945312,3.20851469039917
13.3,67.9971771240234,3.201171875
13.3166666666667,67.8390197753906,3.19383931159973
13.3333333333333,67.6814727783203,3.18654775619507
13.35,67.5243682861328,3.17927098274231
13.3666666666667,67.3677825927734,3.16888809204102
13.3833333333333,67.2118682861328,3.16151118278503
13.4,67.0566711425781,3.15422916412354
13.4166666666667,66.9013061523438,3.14705562591553
13.4333333333333,66.7468795776367,3.13977003097534
13.45,66.5928268432617,3.13277721405029
13.4666666666667,66.4395446777344,3.12489700317383
13.4833333333333,66.286262512207,3.11773920059204
13.5,66.1339263916016,3.11082410812378
13.5166666666667,65.9823379516602,3.10396409034729
13.5333333333333,65.8313598632812,3.09691596031189
13.55,65.681999206543,3.08974504470825
13.5666666666667,65.532112121582,3.08278131484985
13.5833333333333,65.383186340332,3.07592725753784
13.6,65.2347564697266,3.06907773017883
13.6166666666667,65.0865783691406,3.06217956542969
13.6333333333333,64.9385604858398,3.0552294254303
13.65,64.78955078125,3.04913020133972
13.6666666666667,64.6413269042969,3.04225182533264
13.6833333333333,64.4936676025391,3.03544306755066
13.7,64.3466415405273,3.02858757972717
13.7166666666667,64.2002639770508,3.0218288898468
13.7333333333333,64.0543975830078,3.01474928855896
13.75,63.908634185791,3.00796151161194
13.7666666666667,63.7629852294922,3.0007746219635
13.7833333333333,63.617790222168,2.99386715888977
13.8,63.4731674194336,2.98708844184875
13.8166666666667,63.3291893005371,2.98041605949402
13.8333333333333,63.1858825683594,2.97379302978516
13.85,63.042854309082,2.967205286026
13.8666666666667,62.900089263916,2.96065378189087
13.8833333333333,62.7580223083496,2.95395159721375
13.9,62.6166915893555,2.94712352752686
13.9166666666667,62.4759521484375,2.94047093391418
13.9333333333333,62.3356590270996,2.93357086181641
13.95,62.1957969665527,2.9266791343689
13.9666666666667,62.0563545227051,2.9195728302002
13.9833333333333,61.9171371459961,2.91260766983032
14,61.778263092041,2.90593075752258
14.0166666666667,61.639533996582,2.89930319786072
14.0333333333333,61.5000038146973,2.89274191856384
14.05,61.3631896972656,2.88624668121338
14.0666666666667,61.2265243530273,2.87981724739075
14.0833333333333,61.0908470153809,2.87345123291016
14.1,60.9556503295898,2.86711478233337
14.1166666666667,60.8210258483887,2.86081838607788
14.1333333333333,60.6865234375,2.85445284843445
14.15,60.5525550842285,2.84922623634338
14.1666666666667,60.4193229675293,2.84296751022339
14.1833333333333,60.2866859436035,2.83726739883423
14.2,60.1547431945801,2.83149838447571
14.2166666666667,60.0235443115234,2.82545042037964
14.2333333333333,59.8930130004883,2.81884384155273
14.25,59.7630500793457,2.81236696243286
14.2666666666667,59.6346015930176,2.80628943443298
14.2833333333333,59.5049629211426,2.80035734176636
14.3,59.3765029907227,2.79448127746582
14.3166666666667,59.2488327026367,2.78860092163086
14.3333333333333,59.1222915649414,2.78272843360901
14.35,58.9966773986816,2.77685642242432
14.3666666666667,58.871768951416,2.77090716362
14.3833333333333,58.7474899291992,2.7650101184845
14.4,58.6239356994629,2.75733947753906
14.4166666666667,58.5012168884277,2.75095057487488
14.4333333333333,58.379467010498,2.74484872817993
14.45,58.2587661743164,2.73922944068909
14.4666666666667,58.1391181945801,2.73297953605652
14.4833333333333,58.0204124450684,2.72711706161499
14.5,57.9025268554688,2.7209620475769
14.5166666666667,57.7853775024414,2.71556305885315
14.5333333333333,57.6691207885742,2.70963788032532
14.55,57.5541152954102,2.70382928848267
14.5666666666667,57.4400939941406,2.69850707054138
14.5833333333333,57.3279151916504,2.69251441955566
14.6,57.2170829772949,2.68642401695251
14.6166666666667,57.1073112487793,2.68041110038757
14.6333333333333,56.9983100891113,2.67455196380615
14.65,56.8898124694824,2.66879057884216
14.6666666666667,56.7816200256348,2.66330814361572
14.6833333333333,56.6746978759766,2.65738034248352
14.7,56.5706443786621,2.65164303779602
14.7166666666667,56.4635467529297,2.64604425430298
14.7333333333333,56.3558769226074,2.64056611061096
14.75,56.2480506896973,2.63517808914185
14.7666666666667,56.1397171020508,2.62955832481384
14.7833333333333,56.0312576293945,2.62405586242676
14.8,55.9227142333984,2.61868047714233
14.8166666666667,55.8141708374023,2.61343574523926
14.8333333333333,55.7055854797363,2.60548543930054
14.85,55.5963745117188,2.60024070739746
14.8666666666667,55.4868698120117,2.59506034851074
14.8833333333333,55.3775482177734,2.58996081352234
14.9,55.2687911987305,2.58488726615906
14.9166666666667,55.1602096557617,2.57983493804932
14.9333333333333,55.0517959594727,2.57480335235596
14.95,54.9440727233887,2.56980967521667
14.9666666666667,54.8417701721191,2.56480836868286
14.9833333333333,54.7395973205566,2.55975937843323
15,54.6345977783203,2.5546236038208
15.0166666666667,54.5281257629395,2.54960417747498
15.0333333333333,54.4226036071777,2.54426765441895
15.05,54.3178100585938,2.53929710388184
15.0666666666667,54.2128791809082,2.53438568115234
15.0833333333333,54.1073722839355,2.52926349639893
15.1,54.0012359619141,2.52398490905762
15.1166666666667,53.894603729248,2.5190007686615
15.1333333333333,53.7876319885254,2.51313209533691
15.15,53.6803970336914,2.50782155990601
15.1666666666667,53.5728645324707,2.50275707244873
15.1833333333333,53.465030670166,2.49781441688538
15.2,53.3569679260254,2.49294400215149
15.2166666666667,53.248779296875,2.48819613456726
15.2333333333333,53.1400909423828,2.48343276977539
15.25,53.0317726135254,2.47795391082764
15.2666666666667,52.9235916137695,2.47245836257935
15.2833333333333,52.815559387207,2.46740198135376
15.3,52.7076797485352,2.46251726150513
15.3166666666667,52.5999412536621,2.45773339271545
15.3333333333333,52.492359161377,2.45300459861755
15.35,52.3849449157715,2.44829225540161
15.3666666666667,52.277717590332,2.44357371330261
15.3833333333333,52.1706962585449,2.43905568122864
15.4,52.063892364502,2.4342143535614
15.4166666666667,51.9573287963867,2.42951154708862
15.4333333333333,51.8510093688965,2.4250431060791
15.45,51.7449531555176,2.42054271697998
15.4666666666667,51.6391677856445,2.41601157188416
15.4833333333333,51.5336570739746,2.41141772270203
15.5,51.4284362792969,2.40706324577332
15.5166666666667,51.3235015869141,2.40244674682617
15.5333333333333,51.218879699707,2.39785122871399
15.55,51.1145668029785,2.39326143264771
15.5666666666667,51.0105819702148,2.38851761817932
15.5833333333333,50.9069519042969,2.38325762748718
15.6,50.8036956787109,2.37842416763306
15.6166666666667,50.7007904052734,2.37374711036682
15.6333333333333,50.5982360839844,2.36913394927979
15.65,50.4960136413574,2.36407780647278
15.6666666666667,50.3941307067871,2.35963654518127
15.6833333333333,50.292610168457,2.35516953468323
15.7,50.1914329528809,2.35069346427917
15.7166666666667,50.0906143188477,2.34622621536255
15.7333333333333,49.9901542663574,2.34189653396606
15.75,49.8900489807129,2.33753895759583
15.7666666666667,49.7903022766113,2.33294868469238
15.7833333333333,49.6909332275391,2.32844305038452
15.8,49.5919227600098,2.32400250434875
15.8166666666667,49.4932899475098,2.31936717033386
15.8333333333333,49.3950347900391,2.31485104560852
15.85,49.2971572875977,2.31042504310608
15.8666666666667,49.1996307373047,2.30609107017517
15.8833333333333,49.1024398803711,2.30171680450439
15.9,49.0055847167969,2.29746627807617
15.9166666666667,48.9090995788574,2.29319906234741
15.9333333333333,48.812801361084,2.2885422706604
15.95,48.7168159484863,2.28390002250671
15.9666666666667,48.6211471557617,2.2794873714447
15.9833333333333,48.5257301330566,2.27516102790833
16,48.4304161071777,2.27093625068665
16.0166666666667,48.3355484008789,2.2667989730835
16.0333333333333,48.2411041259766,2.26231145858765
16.05,48.1470565795898,2.25808382034302
16.0666666666667,48.053352355957,2.25391817092896
16.0833333333333,47.959774017334,2.24995064735413
16.1,47.8661193847656,2.24582409858704
16.1166666666667,47.772632598877,2.24167084693909
16.1333333333333,47.6795501708984,2.23753428459167
16.15,47.5870170593262,2.2333869934082
16.1666666666667,47.4950218200684,2.22959876060486
16.1833333333333,47.4035377502441,2.22544455528259
16.2,47.3125267028809,2.22130298614502
16.2166666666667,47.2219429016113,2.21758151054382
16.2333333333333,47.1317710876465,2.21041750907898
16.25,47.0419921875,2.20384120941162
16.2666666666667,46.9525833129883,2.19927215576172
16.2833333333333,46.8635559082031,2.19499230384827
16.3,46.77490234375,2.19080328941345
16.3166666666667,46.6866340637207,2.18666362762451
16.3333333333333,46.598762512207,2.18255043029785
16.35,46.5111351013184,2.17848968505859
16.3666666666667,46.4237632751465,2.17439389228821
16.3833333333333,46.3368797302246,2.17031979560852
16.4,46.2504997253418,2.1661581993103
16.4166666666667,46.1644744873047,2.16195130348206
16.4333333333333,46.078670501709,2.15774083137512
16.45,45.9930038452148,2.15356206893921
16.4666666666667,45.9076118469238,2.1494243144989
16.4833333333333,45.8232917785645,2.1451256275177
16.5,45.7398452758789,2.14142489433289
16.5166666666667,45.656810760498,2.13704967498779
16.5333333333333,45.5741767883301,2.13284969329834
16.55,45.4919891357422,2.128751039505
16.5666666666667,45.410270690918,2.1247296333313
16.5833333333333,45.3290367126465,2.12072992324829
16.6,45.2482833862305,2.11676979064941
16.6166666666667,45.1680030822754,2.11282110214233
16.6333333333333,45.0881805419922,2.10891723632812
16.65,45.0088119506836,2.10500955581665
16.6666666666667,44.9295196533203,2.10111045837402
16.6833333333333,44.8508338928223,2.09723806381226
16.7,44.7726631164551,2.09336161613464
16.7166666666667,44.6949234008789,2.08943462371826
16.7333333333333,44.6175651550293,2.08531999588013
16.75,44.5405349731445,2.081547498703
16.7666666666667,44.4637985229492,2.07777118682861
16.7833333333333,44.387321472168,2.07395935058594
16.8,44.3111000061035,2.07015609741211
16.8166666666667,44.2352180480957,2.06599378585815
16.8333333333333,44.1596717834473,2.06133031845093
16.85,44.0844268798828,2.05702328681946
16.8666666666667,44.0094680786133,2.05305767059326
16.8833333333333,43.9347801208496,2.04910635948181
16.9,43.8603401184082,2.04522657394409
16.9166666666667,43.7861328125,2.04154229164124
16.9333333333333,43.7121391296387,2.03775572776794
16.95,43.6383476257324,2.03399443626404
16.9666666666667,43.5646781921387,2.03075647354126
16.9833333333333,43.4910507202148,2.02659749984741
17,43.4163475036621,2.02290272712708
17.0166666666667,43.3404922485352,2.01921677589417
17.0333333333333,43.2653999328613,2.01556515693665
17.05,43.1909332275391,2.01191759109497
17.0666666666667,43.1169662475586,2.00816988945007
17.0833333333333,43.0433807373047,2.00427556037903
17.1,42.970100402832,2.00004029273987
17.1166666666667,42.8970260620117,1.99612379074097
17.1333333333333,42.8240737915039,1.99237525463104
17.15,42.7511978149414,1.98868548870087
17.1666666666667,42.6783714294434,1.98503506183624
17.1833333333333,42.605583190918,1.98142158985138
17.2,42.5328140258789,1.97772884368896
17.2166666666667,42.4600601196289,1.9738667011261
17.2333333333333,42.3873062133789,1.9701384305954
17.25,42.3145484924316,1.96649837493896
17.2666666666667,42.241771697998,1.96289849281311
17.2833333333333,42.1689758300781,1.959113240242
17.3,42.0961456298828,1.95541512966156
17.3166666666667,42.0232849121094,1.95187437534332
17.3333333333333,41.9503860473633,1.94834434986115
17.35,41.8774528503418,1.94482779502869
17.3666666666667,41.8044853210449,1.94131803512573
17.3833333333333,41.7314949035645,1.93782591819763
17.4,41.6584777832031,1.93434166908264
17.4166666666667,41.5854377746582,1.93085777759552
17.4333333333333,41.5123863220215,1.92738580703735
17.45,41.4393196105957,1.9239330291748
17.4666666666667,41.3662528991699,1.920485496521
17.4833333333333,41.2931709289551,1.9170355796814
17.5,41.220085144043,1.91361606121063
17.5166666666667,41.1469879150391,1.91018986701965
17.5333333333333,41.0738868713379,1.90679240226746
17.55,41.0007820129395,1.90345692634583
17.5666666666667,40.9276733398438,1.90010404586792
17.5833333333333,40.8545722961426,1.89672708511353
17.6,40.7814750671387,1.89335906505585
17.6166666666667,40.7082710266113,1.88999998569489
17.6333333333333,40.634708404541,1.88664627075195
17.65,40.5611610412598,1.88331508636475
17.6666666666667,40.4878234863281,1.87995457649231
17.6833333333333,40.4146766662598,1.87656080722809
17.7,40.3416481018066,1.87323808670044
17.7166666666667,40.2688217163086,1.86980760097504
17.7333333333333,40.1961784362793,1.86625397205353
17.75,40.123664855957,1.86302137374878
17.7666666666667,40.0511856079102,1.85980713367462
17.7833333333333,39.9788398742676,1.8562638759613
17.8,39.906608581543,1.85274493694305
17.8166666666667,39.8346061706543,1.8493937253952
17.8333333333333,39.7628021240234,1.84608316421509
17.85,39.6911811828613,1.84272086620331
17.8666666666667,39.6197204589844,1.83917498588562
17.8833333333333,39.548397064209,1.83575296401978
17.9,39.4772071838379,1.83244907855988
17.9166666666667,39.4061317443848,1.829185962677
17.9333333333333,39.3350830078125,1.82596909999847
17.95,39.2639350891113,1.82277023792267
17.9666666666667,39.192699432373,1.81958556175232
17.9833333333333,39.1214637756348,1.81641471385956
18,39.050350189209,1.8132666349411
18.0166666666667,38.9794082641602,1.81014049053192
18.0333333333333,38.9086608886719,1.8064101934433
18.05,38.8380851745605,1.80333077907562
18.0666666666667,38.7676773071289,1.80002784729004
18.0833333333333,38.6974029541016,1.79696607589722
18.1,38.627254486084,1.79391992092133
18.1166666666667,38.5572166442871,1.79088175296783
18.1333333333333,38.4872817993164,1.78783249855042
18.15,38.4174385070801,1.78478872776031
18.1666666666667,38.3476829528809,1.78172469139099
18.1833333333333,38.2779998779297,1.77868723869324
18.2,38.2083740234375,1.77563691139221
18.2166666666667,38.138786315918,1.77262496948242
18.2333333333333,38.0692443847656,1.76924347877502
18.25,37.9997825622559,1.76578640937805
18.2666666666667,37.9304275512695,1.76251327991486
18.2833333333333,37.8612022399902,1.75934410095215
18.3,37.792121887207,1.75628232955933
18.3166666666667,37.7231941223145,1.75324428081512
18.3333333333333,37.6544303894043,1.75025033950806
18.35,37.5858383178711,1.74726986885071
18.3666666666667,37.5174255371094,1.74430119991302
18.3833333333333,37.4491882324219,1.74135172367096
18.4,37.3811073303223,1.73841381072998
18.4166666666667,37.3131675720215,1.73553490638733
18.4333333333333,37.2454032897949,1.73263382911682
18.45,37.178165435791,1.72974848747253
18.4666666666667,37.112247467041,1.72703242301941
18.4833333333333,37.0469741821289,1.72399723529816
18.5,36.9818229675293,1.72064661979675
18.5166666666667,36.9165458679199,1.71747577190399
18.5333333333333,36.8511009216309,1.71418356895447
18.55,36.7855415344238,1.71121633052826
18.5666666666667,36.7199211120605,1.70842230319977
18.5833333333333,36.6542816162109,1.70555138587952
18.6,36.5887298583984,1.70270717144012
18.6166666666667,36.5234451293945,1.69992220401764
18.6333333333333,36.4586067199707,1.69711482524872
18.65,36.3941764831543,1.69430065155029
18.6666666666667,36.3301239013672,1.69149029254913
18.6833333333333,36.2664909362793,1.68868696689606
18.7,36.2033576965332,1.68587708473206
18.7166666666667,36.1396408081055,1.68300449848175
18.7333333333333,36.0764999389648,1.68021905422211
18.75,36.0141296386719,1.67742717266083
18.7666666666667,35.9523429870605,1.67465484142303
18.7833333333333,35.8909606933594,1.6716867685318
18.8,35.8298683166504,1.66872692108154
18.8166666666667,35.7689971923828,1.66572880744934
18.8333333333333,35.7083015441895,1.66261303424835
18.85,35.6477432250977,1.65923464298248
18.8666666666667,35.5872917175293,1.65641856193542
18.8833333333333,35.5269622802734,1.6533567905426
18.9,35.4667892456055,1.65041565895081
18.9166666666667,35.4067726135254,1.64760410785675
18.9333333333333,35.3468551635742,1.64482128620148
18.95,35.2869987487793,1.64210224151611
18.9666666666667,35.227165222168,1.63937830924988
18.9833333333333,35.1673583984375,1.63573396205902
19,35.107723236084,1.63200163841248
19.0166666666667,35.0486145019531,1.62882971763611
19.0333333333333,34.9905281066895,1.62590622901917
19.05,34.9339179992676,1.62314438819885
19.0666666666667,34.8790626525879,1.62041294574738
19.0833333333333,34.8260459899902,1.61773157119751
19.1,34.7746086120605,1.61508691310883
19.1166666666667,34.7243881225586,1.61245954036713
19.1333333333333,34.6750564575195,1.60982120037079
19.15,34.6263008117676,1.60722100734711
19.1666666666667,34.5778694152832,1.6046302318573
19.1833333333333,34.5295715332031,1.60203433036804
19.2,34.4812431335449,1.59945750236511
19.2166666666667,34.4327545166016,1.59690225124359
19.2333333333333,34.3840217590332,1.59431314468384
19.25,34.3349800109863,1.59175503253937
19.2666666666667,34.2856101989746,1.58920931816101
19.2833333333333,34.235897064209,1.58668279647827
19.3,34.1858558654785,1.58422589302063
19.3166666666667,34.1354866027832,1.58172357082367
19.3333333333333,34.0848159790039,1.57923245429993
19.35,34.033863067627,1.57671296596527
19.3666666666667,33.9826431274414,1.57420718669891
19.3833333333333,33.9311790466309,1.5716986656189
19.4,33.8794937133789,1.56945812702179
19.4166666666667,33.8276062011719,1.56645703315735
19.4333333333333,33.7755470275879,1.56385743618011
19.45,33.7233276367188,1.5613397359848
19.4666666666667,33.6709747314453,1.55884480476379
19.4833333333333,33.6184997558594,1.55635905265808
19.5,33.5659141540527,1.55283522605896
19.5166666666667,33.5130348205566,1.55032503604889
19.5333333333333,33.4601364135742,1.54786109924316
19.55,33.4069633483887,1.54547536373138
19.5666666666667,33.3535003662109,1.54318702220917
19.5833333333333,33.2999534606934,1.54084300994873
19.6,33.2464752197266,1.53843784332275
19.6166666666667,33.1930961608887,1.53603887557983
19.6333333333333,33.1397476196289,1.53356266021729
19.65,33.0863494873047,1.53104639053345
19.6666666666667,33.032886505127,1.5284743309021
19.6833333333333,32.9793930053711,1.52600336074829
19.7,32.9258193969727,1.52358841896057
19.7166666666667,32.8723602294922,1.52113318443298
19.7333333333333,32.8190574645996,1.51867294311523
19.75,32.7659721374512,1.51621603965759
19.7666666666667,32.7131843566895,1.51374578475952
19.7833333333333,32.6607551574707,1.5112909078598
19.8,32.6087074279785,1.50885415077209
19.8166666666667,32.5570297241211,1.50643622875214
19.8333333333333,32.5056915283203,1.50405275821686
19.85,32.4546203613281,1.50167012214661
19.8666666666667,32.4037628173828,1.49930346012115
19.8833333333333,32.3530693054199,1.49692034721375
19.9,32.302490234375,1.49458527565002
19.9166666666667,32.2519950866699,1.49201118946075
19.9333333333333,32.2015609741211,1.48952412605286
19.95,32.1511650085449,1.48711705207825
19.9666666666667,32.1008033752441,1.48478293418884
19.9833333333333,32.0504684448242,1.48245704174042
20,32.0001564025879,1.48015224933624
20.0166666666667,31.9498691558838,1.47784340381622
20.0333333333333,31.8996047973633,1.47555160522461
20.05,31.8493671417236,1.4731422662735
20.0666666666667,31.7991180419922,1.47080743312836
20.0833333333333,31.7489032745361,1.46851301193237
20.1,31.6987361907959,1.46622848510742
20.1166666666667,31.6485939025879,1.46400666236877
20.1333333333333,31.5984554290771,1.46201479434967
20.15,31.5483474731445,1.46017181873322
20.1666666666667,31.4983673095703,1.45839762687683
20.1833333333333,31.4486331939697,1.45685565471649
20.2,31.3992004394531,1.45514512062073
20.2166666666667,31.3500461578369,1.45342946052551
20.2333333333333,31.3011074066162,1.45173943042755
20.25,31.2523097991943,1.45002424716949
20.2666666666667,31.2035961151123,1.44834160804749
20.2833333333333,31.1549167633057,1.44660794734955
20.3,31.1062564849854,1.44484281539917
20.3166666666667,31.0576038360596,1.44310772418976
20.3333333333333,31.0089626312256,1.44140183925629
20.35,30.9603385925293,1.4397064447403
20.3666666666667,30.9117889404297,1.4380065202713
20.3833333333333,30.86328125,1.43465280532837
20.4,30.8147983551025,1.432936668396
20.4166666666667,30.7663402557373,1.43127727508545
20.4333333333333,30.717924118042,1.42964100837708
20.45,30.6695518493652,1.4279853105545
20.4666666666667,30.6212368011475,1.42633771896362
20.4833333333333,30.5729999542236,1.42466926574707
20.5,30.5248527526855,1.42302882671356
20.5166666666667,30.4768257141113,1.42151379585266
20.5333333333333,30.4289417266846,1.4199001789093
20.55,30.3812389373779,1.41828727722168
20.5666666666667,30.3337516784668,1.41665780544281
20.5833333333333,30.286506652832,1.41503751277924
20.6,30.23952293396,1.41343116760254
20.6166666666667,30.1928234100342,1.41179072856903
20.6333333333333,30.1464157104492,1.40993285179138
20.65,30.0997638702393,1.40828382968903
20.6666666666667,30.05348777771,1.40666913986206
20.6833333333333,30.0076484680176,1.40501689910889
20.7,29.9622039794922,1.40342652797699
20.7166666666667,29.9171123504639,1.40167212486267
20.7333333333333,29.8723316192627,1.40003538131714
20.75,29.827844619751,1.39855480194092
20.7666666666667,29.7836303710938,1.39696764945984
20.7833333333333,29.7396640777588,1.39536786079407
20.8,29.6959457397461,1.39375162124634
20.8166666666667,29.6524543762207,1.39219534397125
20.8333333333333,29.6091766357422,1.39060068130493
20.85,29.5660991668701,1.38899850845337
20.8666666666667,29.5230503082275,1.38742017745972
20.8833333333333,29.4792957305908,1.38584697246552
20.9,29.4358425140381,1.38428556919098
20.9166666666667,29.3926906585693,1.38272297382355
20.9333333333333,29.3497905731201,1.38113117218018
20.95,29.3071174621582,1.37956547737122
20.9666666666667,29.2646522521973,1.37800812721252
20.9833333333333,29.2223644256592,1.37645888328552
21,29.180196762085,1.37488782405853
21.0166666666667,29.1380920410156,1.3733434677124
21.0333333333333,29.0960655212402,1.37179160118103
21.05,29.0541229248047,1.37025368213654
21.0666666666667,29.012279510498,1.36868405342102
21.0833333333333,28.9705333709717,1.3671647310257
21.1,28.9288768768311,1.36561000347137
21.1166666666667,28.8873081207275,1.36407375335693
21.1333333333333,28.8458137512207,1.36254262924194
21.15,28.8043899536133,1.36094725131989
21.1666666666667,28.7644443511963,1.35941755771637
21.1833333333333,28.7242412567139,1.35795569419861
21.2,28.6837692260742,1.35656428337097
21.2166666666667,28.6431274414062,1.35510802268982
21.2333333333333,28.6023902893066,1.35367965698242
21.25,28.561616897583,1.35219883918762
21.2666666666667,28.5208301544189,1.35069596767426
21.2833333333333,28.4828014373779,1.34920346736908
21.3,28.4452171325684,1.3476949930191
21.3166666666667,28.406795501709,1.34620118141174
21.3333333333333,28.3677883148193,1.34473359584808
21.35,28.3283748626709,1.3425133228302
21.3666666666667,28.2886943817139,1.34041595458984
21.3833333333333,28.2488441467285,1.33875739574432
21.4,28.2088928222656,1.33701133728027
21.4166666666667,28.1688747406006,1.33527433872223
21.4333333333333,28.1288032531738,1.33366680145264
21.45,28.0886936187744,1.33214950561523
21.4666666666667,28.0485744476318,1.33062756061554
21.4833333333333,28.0084495544434,1.32912015914917
21.5,27.9673080444336,1.32776999473572
21.5166666666667,27.9265308380127,1.32630324363708
21.5333333333333,27.886058807373,1.32480692863464
21.55,27.845739364624,1.32336044311523
21.5666666666667,27.8055763244629,1.32188546657562
21.5833333333333,27.7657794952393,1.32042348384857
21.6,27.7265357971191,1.3189685344696
21.6166666666667,27.6876888275146,1.31767272949219
21.6333333333333,27.6489925384521,1.31617724895477
21.65,27.6102333068848,1.31463825702667
21.6666666666667,27.5712013244629,1.31316328048706
21.6833333333333,27.5318660736084,1.3116842508316
21.7,27.4923400878906,1.31023919582367
21.7166666666667,27.452766418457,1.30877542495728
21.7333333333333,27.4132347106934,1.30734169483185
21.75,27.3737945556641,1.30591249465942
21.7666666666667,27.3344650268555,1.3044605255127
21.7833333333333,27.295238494873,1.30302906036377
21.8,27.2561073303223,1.30159270763397
21.8166666666667,27.2170562744141,1.30017304420471
21.8333333333333,27.1780891418457,1.29873728752136
21.85,27.1391868591309,1.2972913980484
21.8666666666667,27.1003570556641,1.29573130607605
21.8833333333333,27.0615901947021,1.29435455799103
21.9,27.0228862762451,1.29296290874481
21.9166666666667,26.9842472076416,1.29156601428986
21.9333333333333,26.9456653594971,1.2901337146759
21.95,26.9071426391602,1.28874337673187
21.9666666666667,26.8686752319336,1.28730726242065
21.9833333333333,26.8302688598633,1.28584671020508
22,26.791919708252,1.28438282012939
22.0166666666667,26.7536525726318,1.28294265270233
22.0333333333333,26.7160568237305,1.28154289722443
22.05,26.6796283721924,1.28011560440063
22.0666666666667,26.6439380645752,1.27870750427246
22.0833333333333,26.6084728240967,1.27731394767761
22.1,26.5730934143066,1.27591836452484
22.1166666666667,26.5378170013428,1.27456545829773
22.1333333333333,26.5025196075439,1.27320075035095
22.15,26.4670352935791,1.27185106277466
22.1666666666667,26.4312477111816,1.27050125598907
22.1833333333333,26.3951091766357,1.26916897296906
22.2,26.3586502075195,1.26782917976379
22.2166666666667,26.321928024292,1.26651012897491
22.2333333333333,26.2850074768066,1.26519227027893
22.25,26.2479610443115,1.26387667655945
22.2666666666667,26.210844039917,1.26255059242249
22.2833333333333,26.1737098693848,1.26125872135162
22.3,26.1365814208984,1.25994908809662
22.3166666666667,26.0994758605957,1.25864970684052
22.3333333333333,26.0623798370361,1.25736033916473
22.35,26.0252742767334,1.25606572628021
22.3666666666667,25.9881610870361,1.25477588176727
22.3833333333333,25.9510631561279,1.25314807891846
22.4,25.9140205383301,1.25169503688812
22.4166666666667,25.8770523071289,1.25030994415283
22.4333333333333,25.840181350708,1.24880802631378
22.45,25.8034172058105,1.24749755859375
22.4666666666667,25.7667598724365,1.24621534347534
22.4833333333333,25.7302131652832,1.24492311477661
22.5,25.6937656402588,1.24365031719208
22.5166666666667,25.6573638916016,1.24233746528625
22.5333333333333,25.6209926605225,1.24109649658203
22.55,25.5846862792969,1.23985707759857
22.5666666666667,25.5484638214111,1.23804354667664
22.5833333333333,25.512321472168,1.23676419258118
22.6,25.4762668609619,1.23548293113708
22.6166666666667,25.440299987793,1.23421561717987
22.6333333333333,25.4044189453125,1.23297250270844
22.65,25.3686351776123,1.23169147968292
22.6666666666667,25.3329467773438,1.23039579391479
22.6833333333333,25.2973594665527,1.22734129428864
22.7,25.2618770599365,1.22577750682831
22.7166666666667,25.226505279541,1.22425365447998
22.7333333333333,25.1912612915039,1.2228296995163
22.75,25.1561470031738,1.22149705886841
22.7666666666667,25.1211566925049,1.22023737430573
22.7833333333333,25.0862808227539,1.21898090839386
22.8,25.0515022277832,1.21771657466888
22.8166666666667,25.0168228149414,1.21645987033844
22.8333333333333,24.9822521209717,1.21522128582001
22.85,24.947940826416,1.213996052742
22.8666666666667,24.9143199920654,1.21274590492249
22.8833333333333,24.8810234069824,1.21151423454285
22.9,24.8477668762207,1.21030724048615
22.9166666666667,24.8144626617432,1.20909070968628
22.9333333333333,24.7811031341553,1.20785677433014
22.95,24.7477207183838,1.20662200450897
22.9666666666667,24.7143478393555,1.20541512966156
22.9833333333333,24.6810131072998,1.20422601699829
23,24.6477375030518,1.20303153991699
23.0166666666667,24.6145420074463,1.20185959339142
23.0333333333333,24.5814380645752,1.20064806938171
23.05,24.5483303070068,1.19951260089874
23.0666666666667,24.5151500701904,1.19836676120758
23.0833333333333,24.482048034668,1.19720232486725
23.1,24.449104309082,1.19603872299194
23.1166666666667,24.4163360595703,1.19487583637238
23.1333333333333,24.3837451934814,1.19374620914459
23.15,24.3513164520264,1.19256520271301
23.1666666666667,24.3190441131592,1.19138562679291
23.1833333333333,24.2869205474854,1.190016746521
23.2,24.2549362182617,1.18881571292877
23.2166666666667,24.2230911254883,1.18764448165894
23.2333333333333,24.1913757324219,1.18643403053284
23.25,24.1597938537598,1.18523168563843
23.2666666666667,24.1276397705078,1.18405270576477
23.2833333333333,24.0956935882568,1.18287587165833
23.3,24.064037322998,1.18170058727264
23.3166666666667,24.0326366424561,1.18051815032959
23.3333333333333,24.0014610290527,1.17933440208435
23.35,23.97047996521,1.17815613746643
23.3666666666667,23.93967628479,1.1769745349884
23.3833333333333,23.909029006958,1.17579197883606
23.4,23.878532409668,1.17461693286896
23.4166666666667,23.8481674194336,1.17346358299255
23.4333333333333,23.8179302215576,1.17227530479431
23.45,23.7878093719482,1.17111849784851
23.4666666666667,23.7576427459717,1.16994249820709
23.4833333333333,23.7276191711426,1.16877329349518
23.5,23.6977462768555,1.16761362552643
23.5166666666667,23.6680126190186,1.16645848751068
23.5333333333333,23.6384086608887,1.16529142856598
23.55,23.6089344024658,1.1641480922699
23.5666666666667,23.5795764923096,1.16298878192902
23.5833333333333,23.5503368377686,1.16164028644562
23.6,23.5212116241455,1.16048347949982
23.6166666666667,23.4921951293945,1.15933322906494
23.6333333333333,23.4632835388184,1.15815711021423
23.65,23.4344730377197,1.15702283382416
23.6666666666667,23.4057693481445,1.15586042404175
23.6833333333333,23.377161026001,1.15471756458282
23.7,23.3486461639404,1.15360045433044
23.7166666666667,23.3202285766602,1.15245378017426
23.7333333333333,23.2918968200684,1.15131092071533
23.75,23.2636528015137,1.15016484260559
23.7666666666667,23.2354946136475,1.1492246389389
23.7833333333333,23.2074108123779,1.14807558059692
23.8,23.1794013977051,1.14694631099701
23.8166666666667,23.1514549255371,1.14580643177032
23.8333333333333,23.1235580444336,1.14465117454529
23.85,23.0957069396973,1.14353024959564
23.8666666666667,23.067892074585,1.14234757423401
23.8833333333333,23.0401058197021,1.14115798473358
23.9,23.0123481750488,1.13994908332825
23.9166666666667,22.984619140625,1.1387425661087
23.9333333333333,22.9569149017334,1.13757455348969
23.95,22.9292411804199,1.13643801212311
23.9666666666667,22.9015998840332,1.135298371315
23.9833333333333,22.8739891052246,1.13415169715881
24,22.84641456604,1.13299548625946
